{
  "workflow": {
    "x": 18,
    "y": 188
  },
  "logging": {
    "x": 11.88184255275354,
    "y": 7.6996497480108985
  },
  "terminal": {
    "x": 220,
    "y": 160
  },
  "terminal_copy_899": {
    "x": 295.10686898501183,
    "y": 343.5154213291029
  },
  "terminal_copy_903": {
    "x": 512,
    "y": 37
  },
  "research": {
    "x": 39.292964629095195,
    "y": 351.60707392528565
  },
  "testing": {
    "x": 233.64349995818222,
    "y": 15.200570469029202
  },
  "commit": {
    "x": 774,
    "y": 177
  }
}