{
  "workflow": {
    "x": 18,
    "y": 188
  },
  "logging": {
    "x": 11.88184255275354,
    "y": 7.6996497480108985
  },
  "terminal": {
    "x": 260,
    "y": 180
  },
  "terminal_copy_899": {
    "x": 240,
    "y": 340
  },
  "terminal_copy_903": {
    "x": 200,
    "y": 0
  },
  "research": {
    "x": 39.292964629095195,
    "y": 351.60707392528565
  },
  "testing": {
    "x": 360,
    "y": -100
  },
  "commit": {
    "x": 774,
    "y": 177
  }
}